Employee,Bonus
Karen Gunnarsdóttir,9000.0
Gunnar Skírnir Brynjólfsson,9000.0
No employee,23000.0
Svana Hafsteinsdóttir,14000.0
Jóhanna Helga Sigurðardóttir,9000.0
Júlía Ingvarsdóttir,4000.0
Erla Gerður Hrafnsdóttir,2000.0
Valdís Konráðsdóttir,12000.0
Jónína Njarðardóttir,9000.0
Sara Speight,19000.0
María Hauksdóttir,5000.0
Hilmar Eyþór Ásgeirsson,41500.0
Hrafn Hrafnsson,12500.0
Einar Bjarni Helgason,38000.0
Alexander Aron Tómasson,26000.0
Hanna Sif Gunnarsdóttir Kondrup,18500.0
Dario Ramos,22500.0
Unda Brauna,19500.0
Óskar Ingi Brekkan Halldórsson,6000.0
Ríkharður Axel Magnússon,6000.0
Egill  Máni,3000.0
Jóna Kristín Snorradóttir,39000.0
Hólmfríður Stefánsdottir,21000.0
Laufey Kristinsdóttir,46000.0
Ísabella Erla  Axelsdóttir,47000.0
Sunna Lind,3000.0
Ingibjörg Hafdís,37000.0
Katrín  Árnadóttir,31000.0
Ásdís Eva Bjarnadóttir,25000.0
Margrét Sóley Gunnlaugsdóttir,20000.0
Nanna Björt Ívarsdóttir,15000.0
Laufey Guðjónsdóttir,12000.0
Inga Sita,31000.0
Emilía Jóhannsdóttir,5000.0
Harpa Karin Hermannsdóttir,7000.0
Isabella Speight,22000.0
Eydís Ýr Jóhannsdóttir Klein,21000.0
Guðný Kara Halldórsdóttir,10000.0
Fjóla Ýr Jörundsdóttir,11000.0
Ásdís Halldórsdóttir,12000.0
Tinna Líf Óladóttir,10000.0
Helga Signý Sveinsdóttir,3000.0
Stefanía Ýr Hannesdóttir,4000.0
Íris Fanney Sindradóttir,4000.0
Nadía Ingadóttir,12000.0
Freyja Garðarsdóttir,40000.0
Bryndís Eva,2000.0
Kamilla Ellertsdóttir,2000.0
Vera Víglundsdóttir,26000.0
Védís Cortez,2000.0
Íris Freyja Sveinsdóttir,2000.0
Edda Björk Hjörleifsdóttir,2000.0
Helga Björk Hauksdóttir,97500.0
Bjarni Ákason,30500.0
Baldvin Jónsson,38000.0
Arnar Freyr Sigurgeirsson,19000.0
Egill Kolka Hlöðversson,74000.0
Bjarki Logason,15000.0
Mikael Jóhannes  Lárusson,10000.0
Matti Haraldsson,5000.0
Snorri Sigurðsson,36500.0
Eva M. Davíðsdóttir,28500.0
Díana Íva Gunnarsdóttir,9000.0
Guðrún Ellertsdottir,17000.0
